ID_Wisata,Nama_Wisata,Kota,Kategori,Deskripsi_Wisata
W_73ace55b,Jl. Malioboro,Yogyakarta,Budaya/Sejarah,Destinasi wisata Jl. Malioboro berlokasi di Yogyakarta.
W_6f17a023,Keraton Ngayogyakarta Hadiningrat,Yogyakarta,Budaya/Sejarah,"Dibangun pada abad ke-18, istana megah ini masih digunakan oleh keluarga kerajaan Indonesia."
W_95a7288c,Kampung Wisata Taman Sari,Yogyakarta,Budaya/Sejarah,Bekas taman kerajaan dari abad ke-18 dengan kompleks pemandian bertingkat dan arsitektur yang indah.
W_05ed3f8c,Tugu Jogja,Yogyakarta,Budaya/Sejarah,"Tugu putih & emas bersejarah di penyeberangan tengah jalan, dibangun sejak 1889 & diterangi cahaya saat malam."
W_7f931485,Museum Benteng Vredeburg,Yogyakarta,Budaya/Sejarah,Museum yang dulunya benteng kolonial ini menampilkan sejarah perjuangan kemerdekaan Indonesia.
W_087243b3,Candi Prambanan,Yogyakarta,Budaya/Sejarah,Kompleks candi Hindu yang luas & dibangun pada abad ke-9 dengan struktur batu atas meruncing & patung.
W_5191900c,Keraton Ratu Boko,Yogyakarta,Budaya/Sejarah,"Situs arkeologis yang memadukan arsitektur khas Budha & Hindu, candi batu & gua."
W_7a86122e,Candi Sewu,Yogyakarta,Budaya/Sejarah,Kompleks candi Budha besar dengan beberapa bangunan yang telah ada sejak abad ke-8.
W_a7f5b607,Candi Sambisari,Yogyakarta,Budaya/Sejarah,"Setelah terkubur di bawah tanah, situs bersejarah ini menyajikan kuil Hindu abad ke-9 yang digali."
W_88d3109b,Candi Ijo,Yogyakarta,Budaya/Sejarah,"Kompleks candi abad ke-9 yang berundak di puncak bukit, plus panorama lahan pertanian di sekitarnya."
W_15a2882b,Candi Plaosan Lor,Yogyakarta,Budaya/Sejarah,"1 dari 2 candi Budha yang indah di area abad ke-9 dengan berbagai bangunan, stupa & tempat suci."
W_fd8a1cfa,Monumen Yogya Kembali,Yogyakarta,Budaya/Sejarah,Museum berbentuk kerucut yang menghadirkan diorama & pameran lain tentang Perjuangan Kemerdekaan Indonesia.
W_2b23c63e,Pantai Parangtritis,Yogyakarta,Alam,"Pantai yang ramai dengan penyewaan kursi/payung pantai, deburan ombak, dan kereta kuda."
W_78b802d1,Pantai Indrayanti,Yogyakarta,Alam,Destinasi wisata Pantai Indrayanti berlokasi di Yogyakarta.
W_4e4b4d0e,Pantai Timang,Yogyakarta,Alam,Pantai pasir putih dengan pulau yang terhubung ke daratan melalui jembatan tali dan kereta gantung.
W_e255b8c3,Pantai Jogan,Yogyakarta,Alam,Destinasi tepi laut dengan tempat observasi di samping air terjun yang mengalir ke pantai berbatu.
W_d3f8237c,Pantai Pok Tunggal,Yogyakarta,Alam,"Pantai pasir putih yang dikelilingi tebing & pepohonan, dengan pohon ikonis yang populer untuk tempat foto."
W_71859240,Pantai Nglambor,Yogyakarta,Alam,Pantai berpasir yang tenang dengan tempat penyewaan alat snorkeling & kursus snorkeling.
W_e2f26777,Pantai Drini,Yogyakarta,Alam,Pantai pasir putih yang dibagi menjadi 2 pantai oleh pulau karang ini memiliki restoran & pasar ikan.
W_569bfdf6,Pantai Glagah Indah,Yogyakarta,Alam,"Terkenal dengan ombak yang besar, pantai populer ini memiliki panorama sunset indah & penjual makanan lokal."
W_c60c9a2d,Hutan Pinus Mangunan,Yogyakarta,Budaya/Sejarah,Hutan yang dikelola pemerintah dengan pepohonan Pinus Sumatra menjulang tinggi ke langit.
W_36da6338,Puncak Pinus Becici,Yogyakarta,Budaya/Sejarah,"Area hutan dengan dekorasi tempat duduk untuk kesempatan berfoto dengan pemandangan gunung, lembah & kota."
W_a72d6d74,Kebun Buah Mangunan,Yogyakarta,Budaya/Sejarah,Kebun buah di puncak bukit yang menawan dengan beragam pohon buah di tengah pemandangan luas di wilayah ini.
W_dd36f062,Gunung Api Purba Nglanggeran,Yogyakarta,Alam,"Puncak vulkanis & area rekreasi yang terkenal dengan hiking, perkemahan & pemandangan indahnya."
W_c32e91e5,Bunker Kaliadem Merapi,Yogyakarta,Budaya/Sejarah,"Bungker beton terbengkalai dengan panorama gunung Merapi aktif, bisa dicapai melalui jalan tanah bergelombang."
W_3d78e627,Goa Pindul,Yogyakarta,Alam,Wisata populer tempat pengunjung mengambang ke dalam gua besar naik ban pelampung.
W_2f4daa6a,Goa Jomblang,Yogyakarta,Alam,Gua pembuangan vertikal berbatu yang bisa dieksplorasi menggunakan peralatan caving yang disediakan di lokasi.
W_ffcc9487,Lava Tour Merapi by Amtra Journey,Yogyakarta,Budaya/Sejarah,Destinasi wisata Lava Tour Merapi by Amtra Journey berlokasi di Yogyakarta.
W_923cd239,Taman Pelangi Jogja,Yogyakarta,Budaya/Sejarah,Kegiatan berfoto sangat digemari di tempat wisata ini dengan lampion yang menyala saat malam & wahana anak.
W_1a691e24,HeHa Sky View,Yogyakarta,Budaya/Sejarah,"Resto, kafe & kios kuliner kaki lima di atap yang terletak di lebih dari 3 lantai berpanorama kota & pedesaan."
W_9de49343,HeHa Ocean View,Yogyakarta,Budaya/Sejarah,Destinasi wisata HeHa Ocean View berlokasi di Yogyakarta.
W_4c9f7b80,Obelix Hills,Yogyakarta,Budaya/Sejarah,Destinasi wisata Obelix Hills berlokasi di Yogyakarta.
W_d17aa4a7,The Lost World Castle,Yogyakarta,Budaya/Sejarah,"Pusat pengunjung bergaya benteng batu abad pertengahan, dengan pameran geologi & pemandangan gunung Merapi."
W_534af67d,Tebing Breksi,Yogyakarta,Budaya/Sejarah,"Tebing batu kapur indah dengan pemandangan luas, ukiran rumit & teater terbuka."
W_ea54595d,Gembira Loka Zoo (Pintu masuk Timur),Yogyakarta,Budaya/Sejarah,"Dibuka pada 1956, kebun binatang 21 hektare dengan kolam sentuh, memberi makan hewan, naik gajah & unta."
W_e08a4062,Blue Lagoon Jogja,Yogyakarta,Budaya/Sejarah,Tempat berenang populer di kolam mata air alami yang dikelilingi pepohonan & bebatuan.
W_5197eb22,Puncak Sosok,Yogyakarta,Budaya/Sejarah,"Puncak bukit populer dengan panorama kota & matahari terbenam, serta kios makanan & sesekali musik live."
W_8aea0d05,Titik Nol Kilometer Yogyakarta,Yogyakarta,Budaya/Sejarah,Destinasi wisata Titik Nol Kilometer Yogyakarta berlokasi di Yogyakarta.
W_2f597ed3,Taman Pintar Yogyakarta,Yogyakarta,Budaya/Sejarah,Pusat pendidikan anak-anak populer yang menawarkan berbagai pameran interaktif dan game ilmu pengetahuan.
W_3d382ffb,Museum Sonobudoyo Unit I,Yogyakarta,Budaya/Sejarah,"Museum sejarah budaya Indonesia yang menampilkan topeng, senjata & artefak lain, & pertunjukan wayang golek."
W_0960c9bf,Pasar Tradisional Beringharjo,Yogyakarta,Budaya/Sejarah,"Pasar tradisional untuk pedagang pakaian, suvenir, dll yang buka sejak tahun 1758."
W_aeaae01e,Ullen Sentalu Museum,Yogyakarta,Budaya/Sejarah,"Artefak terkait seni & budaya Jawa, dengan tur berpemandu, restoran & taman yang rimbun."
W_ef8189f5,SKE City Park Yogyakarta,Yogyakarta,Budaya/Sejarah,"Taman hiburan dengan wahana untuk anak & dewasa, termasuk bianglala raksasa, zipline, & Segway."
W_a2af8ed2,Embung Nglanggeran,Yogyakarta,Budaya/Sejarah,"Danau indah di gunung berapi, yang digunakan untuk mengumpulkan air hujan untuk kebun buah di sekitar."
W_88853041,Hutan Pinus Pengger,Yogyakarta,Budaya/Sejarah,Objek wisata terbuka di kawasan hutan dengan tempat berfoto unik yang terbuat dari material alami.
W_e63d0a30,Pintoe Langit Dahromo,Yogyakarta,Budaya/Sejarah,"Anjungan observasi dengan pintu dan piano kayu, serta menawarkan kesempatan berfoto kreatif."
W_1d0b8a7c,Bukit Bintang,Yogyakarta,Alam,"Bukit yang terkenal dengan pemandangan indah, terutama saat langit malam dipenuhi bintang."
W_788d3419,Ekowisata Sungai Mudal,Yogyakarta,Budaya/Sejarah,Air terjun yang indah dan kolam alami menarik pengunjung ke taman dan kolam renang yang ramai ini.
W_bbffc6b9,Waduk Sermo,Yogyakarta,Budaya/Sejarah,"Berperahu di bendungan yang dikelilingi hutan yang populer untuk berkemah, bersepeda & memancing."
W_daf802c7,De Mata Museum Jogja,Yogyakarta,Budaya/Sejarah,Museum unik yang menampilkan gambar latar belakang seperti nyata untuk menciptakan ilusi optik interaktif.
W_b7889510,Alun-Alun Kidul Yogyakarta,Yogyakarta,Budaya/Sejarah,"Alun-alun yang terkenal dengan hiburan malam, rental gokar berlampu neon, kios camilan, bar, dan musik ceria."
W_4d36c3d9,Kids Fun Park (Pusat),Yogyakarta,Budaya/Sejarah,"Taman petualangan dengan seluncuran air & area percik, serta gokar, zip line & wahana anak-anak."
W_ff356cd9,Candi Kalasan,Yogyakarta,Budaya/Sejarah,Candi Budha abad ke-8 yang dipenuhi dekorasi ini dihiasi ukiran gambar dewa-dewi yang sangat detail.
W_7f2dd747,Candi Sari,Yogyakarta,Budaya/Sejarah,Reruntuhan candi Budha abad ke-8 yang awalnya dibangun dari kayu & batu.
W_2434ca56,Candi Barong,Yogyakarta,Budaya/Sejarah,"Candi Hindu abad ke-9 terletak di rangkaian terasering tepi bukit, yang populer dengan panorama sunset-nya."
W_b9824261,Candi Banyunibo,Yogyakarta,Budaya/Sejarah,"Candi Buddha abad ke-9 yang dipugar dengan dekorasi ukiran, yang dikelilingi sawah & hutan."
W_c311c291,Air Terjun Sri Gethuk,Yogyakarta,Alam,Air terjun alami yang indah di tengah hutan & tebing kapur ini merupakan tempat populer untuk berenang.
W_6cdd4d64,Pantai Sadranan,Yogyakarta,Alam,Destinasi wisata Pantai Sadranan berlokasi di Yogyakarta.
W_617d6ad1,Pantai Krakal,Yogyakarta,Alam,Destinasi wisata Pantai Krakal berlokasi di Yogyakarta.
W_1b18b716,Pantai Kukup,Yogyakarta,Alam,"Pantai dengan terumbu karang lepas pantai, kedai seafood & matahari terbenam dari paviliun di puncak tebing."
W_8c157c61,Pantai Baron,Yogyakarta,Alam,"Pantai di teluk, terkenal dengan kegiatan memancing & sup ikan terkenal, area berenang & jalur gunung indah."
W_2566cee9,Pantai Sepanjang,Yogyakarta,Alam,Destinasi wisata Pantai Sepanjang berlokasi di Yogyakarta.
W_85135e2d,Pantai Ngandong,Yogyakarta,Alam,"Pantai berpasir di teluk kecil populer untuk memancing, serta menghadap ke singkapan berbatu & kafe simpel."
W_536421c4,Pantai Wediombo,Yogyakarta,Alam,"Garis pantai berpasir panjang & lebar, bebatuan karang dengan air tenang & pemandangan perbukitan hijau."
W_14e02ad1,Pantai Siung,Yogyakarta,Alam,Pantai berpasir yang tertutup pepohonan & tebing yang populer dengan pemanjat tebing & perahu nelayan cadik.
W_86e3aaee,Pantai Ngobaran,Yogyakarta,Alam,"Pantai kecil untuk berenang, berjemur & tempat makan di sekitar di teluk yang dikelilingi tebing rimbun."
W_c1453317,Pantai Ngrenehan,Yogyakarta,Alam,Pantai berpasir di teluk yang dihiasi perahu nelayan lokal & dinaungi oleh tanjung batu kapur berwarna hijau.
W_6173c864,Pantai Gesing,Yogyakarta,Alam,Pantai pasir putih di tepi tebing curam dengan air hijau cerah untuk berenang & menyantap lobster & sembilang.
W_cf698803,Pantai Kuwaru,Yogyakarta,Alam,Destinasi wisata Pantai Kuwaru berlokasi di Yogyakarta.
W_39933fbe,Gumuk Pasir Parangkusumo,Yogyakarta,Budaya/Sejarah,"Area bukit pasir unik & indah, destinasi populer untuk fotografi & seluncur pasir."
W_3613095e,Hutan Pinus Asri,Yogyakarta,Budaya/Sejarah,Area mendaki di hutan yang terkenal dengan pohon pinus & tempat untuk berfoto dengan titik pengamatan gunung.
W_ab2082d6,Seribu Batu Songgo Langit,Yogyakarta,Budaya/Sejarah,"Jalan setapak & tempat observasi di bukit berhutan, plus rumah hobbit kayu terinspirasi ""Lord of the Rings""."
W_bee04781,Jurang Tembelan Kanigoro,Yogyakarta,Budaya/Sejarah,Panggung kayu yang menjorok keluar dengan pemandangan menawan dari atas jurang.
W_1a40311c,Bukit Pengilon,Yogyakarta,Alam,Destinasi wisata Bukit Pengilon berlokasi di Yogyakarta.
W_9f8aa56b,Bukit Paralayang Watugupit,Yogyakarta,Alam,Tempat observasi di puncak bukit yang menghadap Samudera Hindia & pantai & titik lepas landas paralayang.
W_eda7542b,Grojogan Watu Purbo,Yogyakarta,Budaya/Sejarah,"Kumpulan air terjun sejajar dari bendungan, populer untuk selfie & pemandangan matahari terbenam di pedesaan."
W_492207ad,Kedung Pedut,Yogyakarta,Alam,Pengunjung dapat mendaki ke air terjun kecil indah ini melalui batuan & berenang di kolam bagian bawah.
W_6b97e710,Air Terjun Kembang Soka,Yogyakarta,Budaya/Sejarah,Destinasi wisata Air Terjun Kembang Soka berlokasi di Yogyakarta.
W_4c280c36,Wisata Alam Kalibiru,Yogyakarta,Budaya/Sejarah,"Tujuan wisata alam yang menawarkan game & aktivitas outdoor, plus area untuk berfoto."
W_e08dd8b1,PINTU MASUK AYUNAN LANGIT,Yogyakarta,Budaya/Sejarah,Destinasi wisata PINTU MASUK AYUNAN LANGIT berlokasi di Yogyakarta.
W_595cc8fa,Goa Kiskendo,Yogyakarta,Alam,Destinasi wisata Goa Kiskendo berlokasi di Yogyakarta.
W_5c461c06,Goa Rancang Kencono,Yogyakarta,Alam,Destinasi wisata Goa Rancang Kencono berlokasi di Yogyakarta.
W_9af2732c,Affandi Museum,Yogyakarta,Budaya/Sejarah,Museum rumah yang menampilkan arsitektur unik & berbagai lukisan dari seniman Indonesia ini.
W_30f77f3c,Museum Pusat TNI AU Dirgantara Mandala,Yogyakarta,Budaya/Sejarah,"Pameran TNI AU Indonesia, termasuk jet tempur PDII & diorama yang menunjukkan peristiwa bersejarah."
W_dccf7412,Museum Gunungapi Merapi,Yogyakarta,Alam,Museum dengan pameran yang didedikasikan untuk Gunung Merapi & gunung berapi Indonesia & internasional lain.
W_4288b429,The World Landmarks - Merapi Park Yogyakarta,Yogyakarta,Budaya/Sejarah,"Taman & area piknik dengan versi mini dari bangunan seperti Big Ben & Menara Eiffel, plus taman rekreasi air."
W_9722720a,Agrowisata Bhumi Merapi,Yogyakarta,Budaya/Sejarah,"Taman pertanian tempat pengunjung bisa memerah susu kambing, memberi makan kelinci & selfie di Santorini mini."
W_d9d96e25,Stonehenge Yogyakarta,Yogyakarta,Budaya/Sejarah,Replika beton dari batu berdiri Inggris yang ikonis di lereng Gunung Merapi.
W_cfd68ef0,Plunyon Kalikuning,Yogyakarta,Budaya/Sejarah,"Taman tepi sungai populer yang memiliki jembatan, area pendakian, serta panorama bukit hijau & pegunungan."
W_00d900f9,Plunyon Kalikuning,Yogyakarta,Alam,"Taman tepi sungai populer yang memiliki jembatan, area pendakian, serta panorama bukit hijau & pegunungan."
W_529c8a15,Waterboom Jogja,Yogyakarta,Budaya/Sejarah,Destinasi wisata Waterboom Jogja berlokasi di Yogyakarta.
W_9d3c24e9,Mini Zoo Jogja Exotarium,Yogyakarta,Budaya/Sejarah,"Kebun binatang kecil dengan reptil, hewan ternak, dan ikan, serta pengalaman langsung dan taman bunga."
W_8dd03f35,Suraloka Interactive Zoo,Yogyakarta,Budaya/Sejarah,Destinasi wisata Suraloka Interactive Zoo berlokasi di Yogyakarta.
W_34a89093,Watu Goyang,Yogyakarta,Budaya/Sejarah,"Taman tinggi dengan pemandangan matahari terbenam dan pedesaan, serta perlengkapan unik untuk selfie."
W_42c4a1ea,Puncak Segoro,Yogyakarta,Budaya/Sejarah,Destinasi wisata Puncak Segoro berlokasi di Yogyakarta.
W_bf97902b,Teras Kaca Pantai Nguluran,Yogyakarta,Alam,"Tiket masuk ke teras berlantai kaca yang menawarkan pemandangan tebing tinggi & laut, serta foto."
W_28c5ceb5,Gamplong Studio Alam,Yogyakarta,Budaya/Sejarah,Objek wisata terbuka dengan bangunan bergaya klasik yang dibuat ulang untuk syuting film & tempat foto unik.
W_bb47d413,Wisata Tebing Gunung Gajah,Yogyakarta,Alam,Destinasi wisata Wisata Tebing Gunung Gajah berlokasi di Yogyakarta.
W_1dbe7377,Pantai Jungwok,Yogyakarta,Alam,"Pesisir berangin kencang ini populer untuk olahraga air & memancing lobster, plus naik perahu ke pulau karang."
W_ccb71769,Keraton Surakarta Hadiningrat,Solo,Budaya/Sejarah,"Istana yang megah dari tahun 1744 dengan tur & museum berisi patung, senjata & artefak lain."
W_af66506d,Pura Mangkunegaran,Solo,Budaya/Sejarah,"Rumah anggota kerajaan sejak tahun 1757, sebagian wilayahnya dapat dikunjungi dengan tur pameran bersejarah."
W_c838b1ae,Museum Radya Pustaka,Solo,Budaya/Sejarah,"Museum sejarah abad 19 yang nyaman dan berisi senjata, pakaian, manuskrip, patung & mata uang."
W_deb16ed3,House Of Danar Hadi,Solo,Budaya/Sejarah,"Museum batik internasional dengan kain klasik, demonstrasi langsung & tekstil untuk dijual."
W_1ec975bc,Benteng Vastenburg,Solo,Budaya/Sejarah,"Benteng peninggalan kolonial Belanda tahun 1700-an, yang sekarang sesekali digunakan untuk konser & festival."
W_40105b7b,Museum Keris Nusantara,Solo,Budaya/Sejarah,"Museum ini menampilkan warisan budaya Jawa dengan seni, artefak, & senjata khas daerah."
W_d21ae8d6,Monumen Pers Nasional,Solo,Budaya/Sejarah,"Museum pers nasional, dengan perpustakaan, pameran & lebih dari 1 juta surat kabar."
W_cfacd8db,Lokananta,Solo,Budaya/Sejarah,Destinasi wisata Lokananta berlokasi di Solo.
W_6f64a27c,Gedung Djoeang 45,Solo,Budaya/Sejarah,Destinasi wisata Gedung Djoeang 45 berlokasi di Solo.
W_a85293c8,Dalem Kalitan,Solo,Budaya/Sejarah,Destinasi wisata Dalem Kalitan berlokasi di Solo.
W_ccb955ba,Tumurun Private Museum,Solo,Budaya/Sejarah,Seni modern yang memukau milik keluarga pendiri perusahaan tekstil besar yang dipajang di rumah besar.
W_5da2deca,Kampung Batik Laweyan,Solo,Budaya/Sejarah,Destinasi wisata Kampung Batik Laweyan berlokasi di Solo.
W_32ed8967,Kampung Batik Kauman,Solo,Budaya/Sejarah,Destinasi wisata Kampung Batik Kauman berlokasi di Solo.
W_d82c9eb9,Gedung Wayang Orang Sriwedari,Solo,Budaya/Sejarah,Destinasi wisata Gedung Wayang Orang Sriwedari berlokasi di Solo.
W_1b4f997d,Taman Sriwedari Surakarta,Solo,Budaya/Sejarah,Taman hiburan sederhana yang menyediakan wahana anak-anak & pentas budaya seperti pertunjukan wayang.
W_71f3a86b,Masjid Raya Sheikh Zayed Solo Surakarta,Solo,Budaya/Sejarah,Destinasi wisata Masjid Raya Sheikh Zayed Solo Surakarta berlokasi di Solo.
W_cec1e788,Masjid Agung Kraton Surakarta,Solo,Budaya/Sejarah,"Masjid yang dibangun tahun 1700-an bergaya Jawa klasik, dengan balok & pilar kayu di musalanya."
W_621fc22c,Masjid Al Wustho Mangkunegaran,Solo,Budaya/Sejarah,Destinasi wisata Masjid Al Wustho Mangkunegaran berlokasi di Solo.
W_3cf53690,Vihara Dhamma Sundara,Solo,Budaya/Sejarah,Destinasi wisata Vihara Dhamma Sundara berlokasi di Solo.
W_d48db9a3,"Gereja Katolik Paroki Santo Antonius Padua, Purbayan",Solo,Budaya/Sejarah,"Destinasi wisata Gereja Katolik Paroki Santo Antonius Padua, Purbayan berlokasi di Solo."
W_5820d8a6,Solo Safari,Solo,Budaya/Sejarah,"Kebun binatang tradisional dengan burung, mamalia, naik gajah & unta, serta banyak program edukasi."
W_ef3f9e5f,Taman Balekambang Surakarta,Solo,Budaya/Sejarah,Destinasi wisata Taman Balekambang Surakarta berlokasi di Solo.
W_700b210c,Pracima Tuin,Solo,Budaya/Sejarah,Destinasi wisata Pracima Tuin berlokasi di Solo.
W_16cdc171,Bendung Karet Tirtonadi,Solo,Budaya/Sejarah,Destinasi wisata Bendung Karet Tirtonadi berlokasi di Solo.
W_e0698fbe,Taman Cerdas Kelurahan Jebres,Solo,Budaya/Sejarah,"Area rekreasi populer dengan patung dinosaurus, area bermain amfiteater & Wi-Fi publik."
W_a82a0c66,Alun-Alun Kidul Surakarta,Solo,Budaya/Sejarah,"Taman populer dengan berbagai kedai makanan, wahana karnaval & pemandangan kawanan kerbau yang dikeramatkan."
W_379af849,Alun-Alun Lor Surakarta,Solo,Budaya/Sejarah,Destinasi wisata Alun-Alun Lor Surakarta berlokasi di Solo.
W_5b6f0a38,Taman Jayawijaya Mojosongo,Solo,Budaya/Sejarah,"Taman kota dengan peralatan bermain & area duduk, plus kedai makanan & masjid terdekat."
W_39f1bce1,Taman Monumen 45 Banjarsari,Solo,Budaya/Sejarah,Destinasi wisata Taman Monumen 45 Banjarsari berlokasi di Solo.
W_48c43301,Taman Sunan Jogo Kali,Solo,Budaya/Sejarah,Destinasi wisata Taman Sunan Jogo Kali berlokasi di Solo.
W_22c6564b,Pasar Triwindu,Solo,Budaya/Sejarah,Destinasi wisata Pasar Triwindu berlokasi di Solo.
W_23060855,Pasar Gede Hardjonagoro,Solo,Budaya/Sejarah,"Pasar ramai yang terkenal dengan kuliner kaki lima, menawarkan kios yang menjual buah, sayur & ikan."
W_d32d914a,Pasar Klewer Surakarta,Solo,Budaya/Sejarah,Destinasi wisata Pasar Klewer Surakarta berlokasi di Solo.
W_45edcdaa,Pasar Malam Ngarsopuro,Solo,Budaya/Sejarah,"Pasar malam akhir pekan yang semarak, diramaikan dengan pedagang kerajinan tangan, makanan, & musik live."
W_3c8f6d0e,Stadion Manahan,Solo,Budaya/Sejarah,Destinasi wisata Stadion Manahan berlokasi di Solo.
W_248fa377,Koridor GatSu,Solo,Budaya/Sejarah,Destinasi wisata Koridor GatSu berlokasi di Solo.
W_032080aa,Monumen Tugu Lilin,Solo,Budaya/Sejarah,Destinasi wisata Monumen Tugu Lilin berlokasi di Solo.
W_85d50fbd,Plasa Manahan,Solo,Budaya/Sejarah,Destinasi wisata Plasa Manahan berlokasi di Solo.
W_dbae899c,Tugu Makuthå,Solo,Budaya/Sejarah,Destinasi wisata Tugu Makuthå berlokasi di Solo.
W_01657a37,De Tjolomadoe,Solo,Budaya/Sejarah,"Pusat kebudayaan & pameran di pabrik gula abad ke-19 seluas 6,5 hektare dengan kafe & museum."
W_5bbaa647,The Heritage Palace,Solo,Budaya/Sejarah,Istana indoor-outdoor besar dengan taman & beberapa museum seni plus area bermain & ruang konvensi.
W_82c59681,Pandawa Water World,Solo,Budaya/Sejarah,"Taman rekreasi untuk anak ini menyediakan kolam renang, seluncuran, tempat bermain, & ombak buatan."
W_98c02141,Air Terjun Grojogan Sewu,Solo,Budaya/Sejarah,Pendakian di area hijau mengarah ke air terjun indah ini yang mengalir di tengah lingkungan rindang.
W_5ee3fddb,Candi Cetho,Solo,Budaya/Sejarah,Candi suci Jawa-Hindu di lereng gunung yang dibangun pada abad ke-15 & menghadap perkebunan teh.
W_a9204eeb,Candi Sukuh,Solo,Budaya/Sejarah,"Kompleks candi 600 tahun yang dipersembahkan untuk kelahiran & kehidupan baru, yang terdiri dari piramida & patung."
W_34f8c7ec,THE LAWU PARK,Solo,Budaya/Sejarah,"Resor gunung dengan kelinci & domba, jalan setapak di atas pohon & zona salju, plus kabin simpel."
W_a866782b,Umbul Ponggok,Solo,Budaya/Sejarah,"Digemari pecinta snorkeling & penyelam amatir, kolam alami tenang ini terkenal dengan pasir, batu, & ikan."
W_c7a85cd2,Waduk Cengklik Park,Solo,Budaya/Sejarah,"Kompleks rekreasi di tepi waduk, termasuk monorel, kolam renang, dan bioskop virtual reality."
W_5c14f0bb,Kemuning Sky Hills,Solo,Budaya/Sejarah,Destinasi wisata Kemuning Sky Hills berlokasi di Solo.
W_90c5e3d6,AIR TERJUN JUMOG REAL,Solo,Alam,"Air terjun yang tinggi dan deras ini memiliki kolam rendam, tempat pengamatan indah & berbagai jalur."
W_e13b9e73,Telaga Madirda,Solo,Budaya/Sejarah,"Area rekreasi yang terletak di bukit berhutan, dengan aktivitas naik kayak di danau tenang, hiking, dan kemah."
W_5a2b76a3,Kebun Teh Kemuning,Solo,Budaya/Sejarah,"Kebun teh di lereng Gunung Berapi Lawu, yang menawarkan jalan-jalan tanpa pemandu & beberapa kafe."
W_90f90f7a,Wisata Bukit Mongkrang,Solo,Alam,Area pendakian dengan jalur pendek menanjak ke titik pengamatan di kaki bukit dengan pemandangan Gunung Lawu.
W_404adf9b,Sakura Hills,Solo,Budaya/Sejarah,"Gerbang Shinto torii, penyewaan model samurai dan kimono di taman khas Jepang dengan bunga sakura musim semi."
W_5c6e90b1,Wisata Bukit Sekipan Tawangmangu,Solo,Alam,"Area rekreasi di lembah pegunungan, dengan wahana untuk anak-anak & model bangunan terkenal global."
W_c2c03f55,Taman Wisata New Balekambang Tawangmangu,Solo,Budaya/Sejarah,Replika 7 keajaiban dunia berskala kecil di antara taman rekreasi air dan game yang cocok untuk keluarga.
W_fd999a42,Rumah Atsiri Indonesia,Solo,Budaya/Sejarah,"Berada di bekas pabrik minyak sereh wangi, fasilitas modern ini memberikan edukasi minyak esensial untuk umum."
W_8f45b319,Umbul Kemanten,Solo,Budaya/Sejarah,Kolam mata air alami berair jernih yang dikelilingi pepohonan tinggi ini adalah tempat populer untuk berenang.
W_4768af2b,Kolam Renang Umbul Cokro (OMAC-Obyek Mata Air Cokro),Solo,Budaya/Sejarah,Destinasi wisata Kolam Renang Umbul Cokro (OMAC-Obyek Mata Air Cokro) berlokasi di Solo.
W_bd996948,Umbul Sigedang - Kapilaler,Solo,Budaya/Sejarah,Mata air mengaliri taman rekreasi dengan kolam renang alami ini dan fasilitas wisatawan lainnya.
W_8fa53f4b,UMBUL PELEM WATERPARK,Solo,Budaya/Sejarah,"Pusat aktivitas outdoor di atas mata air alami, dengan kolam renang, seluncuran air, dan area bermain."
W_c4a5f903,Umbul Besuki,Solo,Budaya/Sejarah,"Taman air yang dibangun di sekitar mata air alami dengan kolam renang, pemancingan, dan jalan setapak teduh."
W_3b3833d7,Candi Merak,Solo,Budaya/Sejarah,Destinasi wisata Candi Merak berlokasi di Solo.
W_b2d61e45,Rowo Jombor,Solo,Budaya/Sejarah,"Danau besar populer untuk berperahu & memancing, dikelilingi kedai camilan & resto hidangan panggang seafood."
W_f27d6d3d,Bukit Sidoguro Krakitan Bayat Klaten,Solo,Alam,Karya seni publik menyerupai flora asli di platform observasi puncak bukit yang menghadap ke kota & hutan.
W_6b073af3,Air Terjun Girimanik,Solo,Alam,Destinasi wisata Air Terjun Girimanik berlokasi di Solo.
W_c4ad0939,Waduk Gadjah Mungkur,Solo,Budaya/Sejarah,"Di waduk damai & luas ini ada aktivitas berperahu, berenang, memancing, kebun binatang mini & area piknik."
W_eb8debc6,Museum Manusia Purba Sangiran Klaster Ngebung,Solo,Budaya/Sejarah,"Pusat pendidikan yang menampilkan pajangan & artefak Manusia Jawa, salah satu jenis manusia purba."
W_ab68cc1e,Gunung Kemukus,Solo,Alam,"Situs gunung dan ziarah yang ditutupi tanaman subur, dengan sebuah kuil tua di bagian atasnya."
W_a6fefb15,Waduk Kedung Ombo,Solo,Budaya/Sejarah,Destinasi wisata Waduk Kedung Ombo berlokasi di Solo.
W_c90c9ee7,Alun-Alun Karanganyar,Solo,Budaya/Sejarah,Ruang hijau terbuka yang besar dan dibatasi oleh pohon ini merupakan tempat bagi berbagai acara & festival.
W_fd9470de,Alun-Alun Kidul Boyolali,Solo,Budaya/Sejarah,Alun-alun umum luas dengan patung sapi raksasa ini sering menjadi tempat berjualan berbagai pedagang makanan.
W_4f39e271,Simpang Siaga Boyolali,Solo,Budaya/Sejarah,Tiga belas kuda menarik kereta menanjak di patung besar dan menawan yang terbuat dari perunggu ini.
W_185602b0,Monumen Susu Tumpah,Solo,Budaya/Sejarah,Destinasi wisata Monumen Susu Tumpah berlokasi di Solo.
W_90a31d8d,Cepogo Cheese Park,Solo,Budaya/Sejarah,Destinasi wisata Cepogo Cheese Park berlokasi di Solo.
W_b7e4b6bc,New Selo,Solo,Budaya/Sejarah,"Area hiking bertiket dengan kedai camilan, kafe warung & panorama pegunungan berhutan yang diselimuti kabut."
W_9694ac0a,Bukit Sanjaya/ New UGA - Boyolali,Solo,Alam,Destinasi wisata Bukit Sanjaya/ New UGA - Boyolali berlokasi di Solo.
W_da47a9f1,Kebun Raya Indrokilo,Solo,Budaya/Sejarah,Destinasi wisata Kebun Raya Indrokilo berlokasi di Solo.
W_61a26b90,Umbul Pengging,Solo,Budaya/Sejarah,"Kompleks keluarga dengan area bermain, spot piknik & kolam renang yang bersumber dari mata air dingin alami."
W_45ca5b5d,Gunung Sepikul Sukoharjo,Solo,Alam,"Gugusan batu menjulang tinggi yang memukau dengan panorama bukit berhutan & sawah, populer untuk trekking."
W_aca6a9ec,Wisata Alam Batu Seribu,Solo,Budaya/Sejarah,Destinasi wisata Wisata Alam Batu Seribu berlokasi di Solo.
W_629b3856,Bukit Hope,Solo,Alam,Destinasi wisata Bukit Hope berlokasi di Solo.
W_1581d004,Museum Samanhoedi,Solo,Budaya/Sejarah,Destinasi wisata Museum Samanhoedi berlokasi di Solo.
W_da1ffb93,Petilasan Kerajaan Pajang,Solo,Budaya/Sejarah,Destinasi wisata Petilasan Kerajaan Pajang berlokasi di Solo.
W_d863911e,"Kali Pucung Rivertubing,OUTBOUND dan Jeep Adventure KEMUNING",Solo,Budaya/Sejarah,"Destinasi wisata Kali Pucung Rivertubing,OUTBOUND dan Jeep Adventure KEMUNING berlokasi di Solo."
W_80a2224e,De'Tasikmadoe Heritage,Solo,Budaya/Sejarah,"Taman di pabrik gula tua dengan area bermain, panjat dinding, akuarium, kandang burung & taman rekreasi air."
W_94fa976f,Candi Menggung,Solo,Budaya/Sejarah,Destinasi wisata Candi Menggung berlokasi di Solo.
W_82326d07,Pemandian Air Panas Bayanan,Solo,Budaya/Sejarah,Destinasi wisata Pemandian Air Panas Bayanan berlokasi di Solo.
W_e412c13b,Air Terjun Parang Ijo,Solo,Alam,Banyak tangga batu mengarah ke air terjun indah ini yang mengalir di tengah lingkungan yang rimbun.
W_80a47124,TAHURA KGPAA. Mangkunagoro I,Solo,Budaya/Sejarah,Destinasi wisata TAHURA KGPAA. Mangkunagoro I berlokasi di Solo.
W_6f3bc7a8,Astana Giribangun,Solo,Budaya/Sejarah,"Makam marmer Presiden Soeharto dan keluarganya, yang terletak di paviliun simpel bergaya Jawa di puncak bukit."
W_3a624c02,Telaga Claket,Solo,Budaya/Sejarah,"Danau kecil yang tenang di kaki Bukit Widodaren, dengan ponton dan bingkai berbentuk hati."
W_a65a4311,Bukit Gancik Selo Boyolali,Solo,Alam,Pos pengamatan puncak bukit dengan panorama Gunung Merapi & Gunung Merbabu yang indah dari tempat pengamatan.
W_c8f404e3,Air Terjun Kedung Sriti,Solo,Alam,Destinasi wisata Air Terjun Kedung Sriti berlokasi di Solo.
W_2a15d115,Wahana Soko Alas,Solo,Budaya/Sejarah,Destinasi wisata Wahana Soko Alas berlokasi di Solo.
W_926d6531,Janti Park,Solo,Budaya/Sejarah,Destinasi wisata Janti Park berlokasi di Solo.
W_10f7d602,Umbul Nilo,Solo,Budaya/Sejarah,Destinasi wisata Umbul Nilo berlokasi di Solo.
W_a3b03727,Obyek Wisata Deles Indah,Solo,Budaya/Sejarah,Destinasi wisata Obyek Wisata Deles Indah berlokasi di Solo.
